,,,,,,,,,,,,,,,,
Información estática del cliente — se llena una sola vez,,,,,,,,,,,,,,,,
IDENTIFICACIÓN,,CLASIFICACIÓN,INFORMACIÓN DE CONTACTO,,,,UBICACIÓN & WEB,,,Enriquecimiento,,,,,,
ID,Empresa,Status,Contacto principal,Emails,Teléfono(s),Formulario,Área geográfica,Website / Dominio,Linkelind URL,Status enriquecimiento,Fecha enriquecimiento,Perfil,Hook 1,Hook 2,Email encontrado en,Notas agente
99,Plant Professionals,,,info@plantprofessionals.com,(305) 259-0503,,,https://plantprofessionals.com/,,ENRICHED,2026-07-14,VETERAN,"your reviews live on Angi, Yelp and Houzz, not your own site",10 service-area pages built but review counts trail the map-pack leaders,Ya en hoja (col E),12+ yrs design/build+maint; sitio fuerte (service+area pages); Angi 4.0/HomeAdvisor 4.6
100,Visualscape Inc,,,ivila@visualscapeinc.com,(305) 362-2404,,,https://www.visualscapeinc.com/,,ENRICHED,2026-07-14,VETERAN,"30 years and a top-4% contractor score, but invisible in search","commercial/RFP buyer, case studies beat 'near me'",Ya en hoja (col E),Comercial/RFP; 30+ yrs; sitio JS (client-rendered); Class A arborist. cold-email: credibilidad
101,P.H.B. Landscaping & Nursery,,,phb.landscaping@aol.com,(305) 255-4000,,,https://www.phblandscaping.com/,,ENRICHED,2026-07-14,VETERAN,25 years in business but the site is static HTML with no service-area pages,no schema and a dated template hide you for 'landscaping near me' Miami,Ya en hoja (col E),25+ yrs familiar; nursery+landscaping+irrigation+tree; template antiguo
102,Casaplanta Garden Center,,,Landscapesolutions@casaplantamiami.com,(786) 314-9925,,,https://www.casaplantamiami.com/,,ENRICHED,2026-07-14,INVISIBLE,your landscape division is buried under the garden-center retail site,site hours last updated 2023 and the Instagram feed is broken,Ya en hoja (col E),"ATENCION: garden center retail + division de landscaping (res/com/maint). Retail-primary, validar ICP"
103,Sugar Green Gardens,,,info@sugargreengardens.com,(786) 490-9597,,,https://www.sugargreengardens.com/,,ENRICHED,2026-07-14,INVISIBLE,your Houzz profile does the ranking your Wix site can't,"great city pages for Coral Gables and Pinecrest, but on a Wix template",Ya en hoja (col E),"Diseno luxury residencial; 5* Houzz/Google, Best of 2024; Wix; alto valor design-build"
104,Romy Landscaping,,,romylandscapingdesign@gmail.com,(954) 218-7773,,,https://romylandscaping.com/,,ENRICHED,2026-07-14,INVISIBLE,"you built Kendall, Pinecrest and Hialeah pages but Yelp still outranks them","5.0 on HomeAdvisor, yet those reviews don't show in Google search",Ya en hoja (col E),Diseno/borders/sod/walkways residencial; city+service pages; sitio JS
105,Landscaping by George,,,,(786) 801-2971,Yes,,https://www.landscapingbygeorge-fl.com/,,SKIP,2026-07-14,,,,,Sin email — SKIP por instruccion de Eddie; correr email-hunter para conseguir contacto
106,Reef Landscape & Tree Services,,,office@reeflandscaping.com,(305) 735-4668,,,https://reeftreelandscape.com/,,ENRICHED,2026-07-14,INVISIBLE,your 'Design/Build/Maintain' section still has gym-template filler copy,brand-new site but the blog is just the default 'Hello world!' post,Ya en hoja (col E),20+ yrs Keys+South Miami; full-service; sitio nuevo 2025 con copy plantilla
107,Landscaping by Steve Blaum,,,info@blaumlandscaping.com,(305) 662-7045,,,https://www.blaumlandscaping.com/,,ENRICHED,2026-07-14,VETERAN,32 Google reviews at 4.5 but Houzz still outranks your own site,developers call you 'best in Miami' yet you're invisible for 'landscaper Coral Gables',Ya en hoja (col E),30+ yrs luxury Coral Gables; com+res; 32 GMB reviews 4.5
108,Greene & Stone Outdoor,,,,(305) 363-6709,Yes,,https://www.landscapinghomestead.com/,,SKIP,2026-07-14,,,,,Sin email — SKIP por instruccion de Eddie; correr email-hunter para conseguir contacto
109,Jireh Tree Care,,,jirehtree@gmail.com,(305) 216-8809,,,https://jirehtreecare.com/,https://www.linkedin.com/in/fredy-escobar-b837bb56,ENRICHED,2026-07-14,VETERAN,"57 Yelp reviews for Freddy's crew, but Yelp outranks jirehtreecare.com","no city pages for Pembroke Pines, Hialeah or Fort Lauderdale where you work",Ya en hoja (col E),"Tree service, arborista 30 yrs; LinkedIn Fredy Escobar; 57 Yelp 4.5+"
110,NeighborWay Doral Landscaping,,,hello@doralfllandscaping.com,(786) 677-8163,,,https://www.doralfllandscaping.com/,,ENRICHED,2026-07-14,NEW,founded in 2024 you're not in the Doral map pack yet,no reviews showing in search to compete with Doral's established crews,Ya en hoja (col E),Fundada 2024; lawn/design/hardscape/irrigation Doral
111,NextWave Doral Landscapers,,,hello@dorallandscaping.com,(786) 947-0146,,,https://www.dorallandscaping.com/,,ENRICHED,2026-07-14,NEW,you built Westchester and West Miami pages but have no reviews to rank them,"not in the Doral map pack yet, no Google reviews showing",Ya en hoja (col E),Operador nuevo Doral; service-area pages; bilingue
112,Falcon Pro Lawn,,,info@falconprolawn.com,(305) 596-5296,,,https://falconprolawn.com/,https://www.linkedin.com/in/rafael-goicouria-b1844227/,ENRICHED,2026-07-14,INVISIBLE,a decade of lawn maintenance but your reviews live on Houzz and Yelp,no service-area pages despite covering Miami-Dade and Broward,Ya en hoja (col E),10+ yrs lawn maint+landscaping+low-voltage lighting; LinkedIn Rafael Goicouria
113,Nature's Dream Landscape,,,"victoria@naturesdreamlandscape.com, ccare@naturesdreamlandscape.com",(305) 525-4671,,,https://naturesdreamlandscape.com/,,ENRICHED,2026-07-14,VETERAN,only 12 Yelp reviews for a 20-year luxury design firm with two architects,"you serve Pinecrest, Coral Gables, Palmetto Bay but have no pages for them",Ya en hoja (col E),20+ yrs luxury design + tree; 2 landscape architects + ISA; alto valor
114,WMS Trees,,,,(305) 256-1012,,,https://www.wmstreesmiami.com/,,SKIP,2026-07-14,,,,,Sin email — SKIP por instruccion de Eddie; correr email-hunter para conseguir contacto
115,Treeworks Management,,,info@treeworksgc.com,(954) 248-1444,,,https://www.treeworksmgt.com/,,ENRICHED,2026-07-14,VETERAN,30 years in but a 3.0 Angi rating is dragging your reputation online,no Google review presence to counter the low third-party scores,Ya en hoja (col E),Davie/SW Ranches; ISA arborist; tree+landscape+lawn; Angi 3.0 bajo
116,Anderson Landscaping,,,info@todanderson.com,(305) 978-2050,,,https://www.todanderson.com/,,ENRICHED,2026-07-14,VETERAN,"35 years in but your reviews sit on Birdeye and Houzz, not your own site",no service pages for Coconut Grove or Coral Gables where you design,Ya en hoja (col E),"35+ yrs, FNGLA cert; ponds/waterfalls/design; Birdeye 4.4 (46)"
117,Affordable Tree Service,,,contact@affordabletreeserviceinc.com,(305) 823-2345,,,https://www.affordabletreeserviceinc.com/,,ENRICHED,2026-07-14,VETERAN,"since 1985 and 5 stars, but Yelp outranks affordabletreeserviceinc.com",no city pages despite covering Miami-Dade and Broward,Ya en hoja (col E),Tree service desde 1985; 5* ~68 reviews
118,True Tree Service Miami,,,info@truetreeservice.com,(305) 842-3581,,,https://truetreeservicemiami.com/,,ENRICHED,2026-07-14,INVISIBLE,ISA-certified arborists but you're buried under LawnStarter and Trees.com,no Google review stars showing for truetreeservicemiami.com in search,Ya en hoja (col E),Tree/arborist res+com; urban forestry
119,Grove Tree Service & Landscaping,,,Info@GroveTreeServiceFL.com,(305) 858-6307,,,https://grovetreeservicefl.com/,,ENRICHED,2026-07-14,VETERAN,"45 years and 5.0 across Google, Birdeye and Angi, but no city pages",you dominate reviews yet rank thin for 'tree service Coral Gables',Ya en hoja (col E),"45+ yrs, ISA arborist; 5.0 Google/61 Birdeye/4.9 Angi. Reviews fuertes -> menor prioridad"
120,One Two Tree,,,customerservice@onetwotree.com,(305) 267-1426,,,https://onetwotree.com/,,ENRICHED,2026-07-14,VETERAN,"three verticals (pest, tree, lawn) but one thin website tying them together",since 1987 yet a 3.9 Birdeye score undercuts your 43 Yelp reviews,Ya en hoja (col E),Multi-vertical pest+tree+lawn desde 1987; trabajar por vertical tree/lawn
121,Tropical South Tree Services,,,,(305) 299-1189,,,https://tropicalsouthtreeservices.com/,,SKIP,2026-07-14,,,,,Sin email — SKIP por instruccion de Eddie; correr email-hunter para conseguir contacto
122,Freedom Flow Irrigation,,,freedomflow.ez@gmail.com,(786) 851-2037,,,https://freedomflowirrigation.com/,,ENRICHED,2026-07-14,INVISIBLE,you built Miami and Bal Harbour pages but no reviews show to rank them,"same-day sprinkler repair, yet invisible in the map pack",Ya en hoja (col E),Sprinkler repair Miami-Dade/Broward; city pages; nuevo/pocas reviews
123,Evergreen Sprinkler Systems,,,MiamiEvergreen@gmail.com,(305) 235-7112,,,https://evergreenmiami.net/,,ENRICHED,2026-07-14,VETERAN,40 years in irrigation but a 3.8 Birdeye score is all that shows in search,no city pages despite covering Miami-Dade and Monroe,Ya en hoja (col E),40+ yrs irrigation res+com; Birdeye 3.8 (27)
124,Greenstar Irrigation & Landscaping,,,petermasi@greenstarlandscapingco.com,(305) 661-6958,,,https://greenstarirrigation.com/,,ENRICHED,2026-07-14,VETERAN,"top Angi grade for irrigation, but your reviews outrank greenstarirrigation.com",40 years and no landscaping service pages beyond irrigation,Ya en hoja (col E),"Peter Masi, 40+ yrs; irrigation+landscaping; top Angi"
125,All Dade Sprinklers,,,info@alldadesprinklers.com,(786) 355-8140,,,https://alldadesprinklers.com/,,ENRICHED,2026-07-14,INVISIBLE,another 'All Dade' plumbing+sprinkler outranks you for your own name,almost no reviews online to compete in the Miami sprinkler map pack,Ya en hoja (col E),Irrigation Miami-Dade; pequeno; confusion de marca con All Dade Plumbing & Sprinklers
126,MC Irrigation of Miami,,,mcirrigation.sev@gmail.com,(305) 645-6086,,,https://www.mc-irrigationofmiami.com/,,ENRICHED,2026-07-14,INVISIBLE,"you run two sites, the Squarespace and the main, splitting your ranking",a decade of sprinkler work but no reviews showing in the map pack,Ya en hoja (col E),Sprinkler install/repair 10+ yrs; dos sitios (squarespace + principal)
127,Miami Beach Pavers,,,,(786) 686-2951,Yes,,https://miamibeachpavers.com/,,SKIP,2026-07-14,,,,,Sin email — SKIP por instruccion de Eddie; correr email-hunter para conseguir contacto
128,Driveway & Paver Solutions,,,info@paversandtiles.com,(786) 305-8558,,,https://paversandtiles.com/,https://www.linkedin.com/company/92962582/,ENRICHED,2026-07-14,INVISIBLE,you publish 'best paving companies' posts but still trail Yelp for paver Miami,coral stone and travertine work with no city pages for your service area,Ya en hoja (col E),Pavers (coral/travertine/Chicago brick); blog SEO; LinkedIn company
129,Hardscapes of South Florida,,,,(954) 380-2392,Yes,,https://hardscapesofsouthflorida.com/,,SKIP,2026-07-14,,,,,Sin email — SKIP por instruccion de Eddie; correr email-hunter para conseguir contacto
130,Driveway Pavers Miami,,,,(305) 363-1828,yes,,https://drivewaypaversmiami.com/,,SKIP,2026-07-14,,,,,Sin email — SKIP por instruccion de Eddie; correr email-hunter para conseguir contacto
131,One Stop Pavers,,,eloygonza@gmail.com,(954) 607-8761,,,https://www.onestoppavers.com/,,ENRICHED,2026-07-14,VETERAN,"15 years and 5 stars, but Yelp and Angi outrank onestoppavers.com",no city pages for the Broward and Miami-Dade towns you pave,Ya en hoja (col E),Familiar 15+ yrs; pavers; 5* Google/Angi; BBB accredited (Eloy)
132,EasyGrass,,,info@easygrass.net,(305) 234-5800,,,https://www.easygrass.net/,,ENRICHED,2026-07-14,VETERAN,you serve Miami to Naples but have no city pages to rank each market,"16 years installing turf, yet Yelp holds only 10 reviews for your brand",Ya en hoja (col E),Artificial grass supplier+installer desde 2008; multi-mercado
133,Turf Guys Miami,,,info@turfguysmiami.com,(786) 271-0891,,,https://www.turfguysmiami.com/,https://www.linkedin.com/company/turfguys/,ENRICHED,2026-07-14,INVISIBLE,"SYNLawn's exclusive Miami installer, but 'Lawn Guys' outranks you on Yelp",no city pages despite serving all of South Florida,Ya en hoja (col E),Artificial grass desde 2016; SYNLawn exclusivo; LinkedIn company
134,On-Time Turf,,,support@ontimeturf.com,(786) 647-3622,,,https://ontimeturf.com/,,ENRICHED,2026-07-14,INVISIBLE,"4.8 rating and a decade in, but 'Turf Miami' outranks ontimeturf.com","putting greens and bunkers, yet no dedicated pages to rank them",Ya en hoja (col E),Artificial grass 10+ yrs; 4.8 HomeAdvisor; putting greens; garantia 15 anos
135,Monster Grass,,,sales@monstergrass.com,(305) 967-7557,,,https://monstergrass.com/,,ENRICHED,2026-07-14,INVISIBLE,"you run two domains, monstergrass.com and the South Florida one, splitting rank",48 Yelp reviews but recent seam complaints are dragging your rating,Ya en hoja (col E),Artificial turf; 48 Yelp/Houzz 4.5/Angi 5.0; reviews mixtas (seams); dos dominios
136,Lawn Guys Mia,,,admin@lighterupmia.com,(305) 912-8732,,,https://lawnguysmia.com/,,ENRICHED,2026-07-14,INVISIBLE,a few 0-star 'scam' reviews on Yelp are hurting your turf brand,no city pages for Coral Gables or Miami Beach where you install,Ya en hoja (col E),Artificial turf; 13 Yelp mixtas; email admin@lighterupmia.com (dominio distinto al sitio)
137,Miami Artificial Turf & Landscaping,,,,(786) 789-2192,yes,,https://www.miamiturfandlandscaping.com/,,SKIP,2026-07-14,,,,,Sin email — SKIP por instruccion de Eddie; correr email-hunter para conseguir contacto
138,Miami Lawn Services,,,,,,,http://miamilawnservices.net/,,SKIP,2026-07-14,,,,,Sin email — SKIP por instruccion de Eddie; correr email-hunter para conseguir contacto
139,Canopy Lawn Care of Miami,,,info@canopylawncare.com,(786) 646-2490,,,https://www.canopylawncare.com/miami-fl,https://www.linkedin.com/company/canopy-lawn-care/,ENRICHED,2026-07-14,NEW,"you're a Canopy franchise, your Miami pages outside the corporate template are your lever","science-first lawn care, but no reviews showing to rank you locally",Ya en hoja (col E),Franquicia Canopy (lawn treatment eco); city page Miami; trabajar como franquiciado local
140,Lancescape Miami,,,zack@lancescapemiami.com,(305) 308-0450,,,https://lancescapemiami.com/,,ENRICHED,2026-07-14,VETERAN,50 years of luxury work but only 5 reviews online to prove it,you built dozens of landing pages yet thin review signals hold you back,Ya en hoja (col E),~50 yrs luxury Miami Beach (hoteles/country clubs); muchas landing pages; pocas reviews
141,Overland Landscape,,,"mike@overlandscape.com, sales@overlandscape.com",(786) 405-4944,,,https://www.overlandscape.com/,,ENRICHED,2026-07-14,VETERAN,25 years of luxury design but your reviews live on Procore and Alignable,"commercial/hospitality focus, case studies matter more than 'near me'",Ya en hoja (col E),25+ yrs luxury/hospitality/comercial; ISA arborist Michael Morel; Squarespace; RFP
142,Miami Outdoor Solutions,,,info@miamioutdoorsolutions.com,(305) 520-0186,,,https://www.miamioutdoorsolutions.com/,,ENRICHED,2026-07-14,VETERAN,featured in LUXE and Houzz but Yelp still owns 'landscaping Miami',turnkey pools and outdoor kitchens with no city pages to rank them,Ya en hoja (col E),Pools+landscape+outdoor living; A+ BBB; design-build alto valor
143,HS2G Landscape Architecture,,,pete@hs2g.net,(954) 326-7212,,,https://www.hs2g.net/,,ENRICHED,2026-07-14,VETERAN,ASLA-award landscape architect with only 7 Birdeye reviews online,Miami-to-Palm-Beach reach but no city pages to capture that search,Ya en hoja (col E),Arquitectura de paisaje high-end (Peter Strelkow); premios ASLA; comercial/design -> credibilidad
144,Sunset Sod,,,aloha@sunsetsod.com,(305) 253-2002,,,https://sunsetsod.com/,,ENRICHED,2026-07-14,VETERAN,"since 1984 and 63 reviews, but Yelp's sod list outranks sunsetsod.com",no city pages for the Miami-Dade towns you deliver sod to,Ya en hoja (col E),Sod supplier+install desde 1984; 5.0 Angi/Birdeye 4.4 (63)
145,Global Lawn Care,,,,(954) 274-5918,yes,,https://globallawncare.net/,,SKIP,2026-07-14,,,,,Sin email — SKIP por instruccion de Eddie; correr email-hunter para conseguir contacto
146,Plant Health Care Systems,,,phcsfl@gmail.com,(305) 974-3761,,,https://planthealthcaresystems.com/,,ENRICHED,2026-07-14,BURNED,"an 'overpromised, under-delivered' review is visible and hurting you",lawn & ornamental care since 2013 but thin review presence in search,Ya en hoja (col E),Lawn & ornamental pest control desde 2013; location+service pages; reviews mixtas
147,Miami Paver Company,,,contact@hardscapers.com,(503) 782-9195,,,https://miamipavercompany.com/,,ENRICHED,2026-07-14,INVISIBLE,Miami Pavers' and Paver Aider outrank miamipavercompany.com on Yelp,"pavers, turf and outdoor living pages but no reviews showing to rank them",Ya en hoja (col E),Pavers+outdoor living+turf; service pages (patios/pool decks/driveways)
148,Lawn Squad of South Miami,,,,(786) 310-1011,yes,,https://lawnsquad.com/locations/south-miami-fl/,,SKIP,2026-07-14,,,,,Sin email — SKIP por instruccion de Eddie; correr email-hunter para conseguir contacto
149,Earth Works,,,,,,,https://www.earthworksjax.com/,,,,,,,,
150,McDaniel's Lawn Care & Landscaping,,,,,,,https://www.mcdanielslawncare.com/,,,,,,,,
151,C & L Landscape,,,,,,,https://www.cllandscape.com/,,,,,,,,
152,Klean Cut Lawn Services,,,,,,,https://kleancutjax.com/,,,,,,,,
153,Trutco,,,,,,,https://www.trutco.com/,,,,,,,,
154,The Lawn Lord,,,,,,,https://www.thelawnlord.com/,,,,,,,,
155,Wacca Pilatka Landscape Design & Services,,,,,,,https://www.waccapilatka.com/,,,,,,,,
156,Serenoa Landscape Design,,,,,,,https://www.serenoagardendesign.com/,,,,,,,,
157,Ben Dinkins Landscape Design,,,,,,,https://www.bendinkinslandscapedesign.com/,,,,,,,,
158,Foxy Foliage Landscape Design,,,,,,,https://foxyfoliage.com/,,,,,,,,
159,Patriot Landscape Solutions,,,,,,,https://patriotlandscapesolutionsjax.com/,,,,,,,,
160,Earthscapes,,,,,,,https://www.earthscapes.earth/,,,,,,,,
161,K & A Landscaping,,,,,,,https://www.kandalandscapingfl.com/,,,,,,,,
162,Scapes of North Florida,,,,,,,https://scapesnfl.com/,,,,,,,,
163,AJAX Landscaping,,Kevin,info@ajaxlandscapingfl.com,(904) 404-9427,,,https://ajaxlandscapingfl.com/,,,,,,,website /contact-us,
164,Jax Paver Guys,,Henry Hoffmann,"info@jaxpaverguys.com, jaxpaverguys@gmail.com",(904) 676-2105,,,https://jaxpaverguys.com/,,,,,,,website footer / directorios,
165,LS Pavers,,,contact@lspaversinc.com,(904) 817-0102,,,https://lspaversinc.com/,,,,,,,website /contact,
166,Plus Pavers,,Sara,sara@pluspavers.com,(904) 581-8616,,,https://pluspavers.com/,,,,,,,sitio / Sunbiz (Sara Papalino De Souza),
167,First Coast Pavers,,,info@firstcoastpavers.com,(904) 299-5752,,,https://firstcoastpavers.com/,,,,,,,website /contact,
168,Coastal Patio Pavers,,,"info@coastalpatiopavers.com, marketing@coastalpatiopavers.com",(904) 774-2015,,,https://www.coastalpatiopavers.com/,,,,,,,sitio / BuildZoom,
169,Golden Pavers,,,golden_pavers@yahoo.com,(904) 339-1536,,,https://www.jaxgoldenpavers.com/,,,,,,,directorio Yahoo/Networx (yahoo: verificar al enviar),
170,Jacksonville Concrete Pavers,,,jacksonvilleconcretepavers@gmail.com,(904) 842-3929,,,https://www.jacksonvilleconcretepavers.com/,https://www.linkedin.com/company/jacksonville-concrete-pavers/,,,,,,website (ToS/about),
171,Jacksonville Pavers,,,jacksonvillepaver@gmail.com,(904) 595-8281,,,https://www.paversjacksonvillefl.com/,https://www.linkedin.com/in/jacksonville-pavers-a60634292/,,,,,,ScribbleMaps listing oficial,
172,Shaw's Tree Service,,Roy Shaw,treeservice@shawtree.com,(904) 388-9960,,,https://www.shawtree.com/,,,,,,,website footer,
173,Bushor's Tree Surgeons,,Brad Bushor,bushortree@reliable-mail.com,(904) 789-8884,,,https://bushortree.com/,,,,,,,directorio n49/Hotfrog (relay: verificar al enviar),
174,Jax Tree Removal,,,info@jaxtreeremoval.com,(904) 322-7799,,,https://www.jaxtreeremoval.com/,,,,,,,Facebook About,
175,Custom Tree Surgeons,,Scott,scottatcts@yahoo.com,(904) 292-9226,,,https://customtreesurgeons.com/,,,,,,,website (blog pages),
176,Robert's Tree Service,,,,,,,https://www.robertstreeservice.com/,,,,,,,,
177,Hamilton Tree Service,,John Hamilton,info@hamiltontreeservices.net,(904) 559-9149,,,https://www.hamiltontreeservices.net/,,,,,,,website /contact-us,
178,Odom's Beaches Tree Service,,,odomsbeachestreeservice@gmail.com,(904) 246-6366,,,https://www.odomsbeachestreeservice.com/,,,,,,,directorio Manta/Yahoo,
179,The Tree Surgeons,,Brad,brad@nassaucountytreesurgeons.com,(904) 206-1237,,,https://www.nassaucountytreesurgeons.com/,,,,,,,website /contact,
180,Action Irrigation,,,info@actionirrigation.com,(904) 779-7799,,,https://actionirrigation.com/,https://www.linkedin.com/company/action-irrigation-and-landscaping-jacksonville-fl,,,,,,website /contact,
181,Grace Irrigation,,,graceirrigation@yahoo.com,(904) 813-9340,,,https://graceirrigationjax.com/,,,,,,,Facebook About,
182,Clear Water Irrigation and Drainage,,,clearwaterjax@gmail.com,(904) 880-3800,,,https://clearwaterjax.com/,,,,,,,website /contact,
183,Sun State Nursery & Landscaping,,,,,,,https://sunstatenursery.com/,,,,,,,,
184,The Sod Lot,,,,,,,https://www.thesodlot.com/,,,,,,,,
185,Bryan's Sod Installation & Landscaping,,,,,,,https://bryanssodandlandscaping.com/,,,,,,,,
186,Jacksonville Sod Masters,,,,,,,https://www.jacksonvillesodinstall.com/,,,,,,,,
187,Jacksonville Artificial Turf,,,,,,,https://www.jacksonvilleturf.com/,,,,,,,,
188,Florida Turf Company,,,,,,,https://floridaturfcompany.com/,,,,,,,,
189,SYNLawn Jacksonville,,,,,,,https://synlawnjacksonville.com/,,,,,,,,
190,Marios Landscaping Jax,,,,,,,https://www.marioslandscapingjax.com/,,,,,,,,
191,TLC Total Lawn Care,,,,,,,https://tlctotallawncare.com/,,,,,,,,
192,Jax Outdoor Solutions,,,,,,,https://jaxoutdoorsolutions.com/,,,,,,,,
193,Duval Landscape Maintenance,,,,,,,https://www.duvallandscape.com/,,,,,,,,
194,Coconut Grove Landscape & Design,,,,,,,https://www.cglandscapefl.com/,,,,,,,,
195,Taylor Anthony 365,,,,,,,https://tayloranthony365.com/,,,,,,,,
196,Coastal Landscape Management,,,,,,,https://www.landscapingbycoastal.com/,,,,,,,,
197,Beautiful Blooms Landscaping,,,,,,,https://beautifulbloomslandscaping.com/,,,,,,,,
198,Landscape Remedies,,,,,,,https://landscaperemedies.com/,,,,,,,,
199,Solstice Landscaping,,,,,,,https://www.solsticelawncare.com/,,,,,,,,
200,Trim All Lawn Service,,,,,,,https://trimalllawnservice.com/,,,,,,,,
201,Pure Pro Lawn & Landscape,,,,,,,https://www.pureprolandscape.com/,,,,,,,,
202,Mulch & More,,,,,,,https://www.pontevedrabeachlandscaper.com/,,,,,,,,
203,Cavender Lawns,,,,,,,https://www.cavenderlawns.com/,,,,,,,,
204,Grass Blades Lawn Care,,,,,,,https://grassbladeslc.com/,,,,,,,,
205,Green Life Property Service,,,,,,,https://www.greenlifepropertyservice.com/,,,,,,,,
206,Lawn Care of Saint Johns,,,,,,,https://www.lawncareofsaintjohns.com/,,,,,,,,
207,EnviroTec Lawn Care,,,,,,,https://www.enviroteclawncare.com/,,,,,,,,
208,Miranda Lawn Management,,,,,,,https://www.mirandalawn.com/,,,,,,,,
209,Amelia Lawn & Landscaping Services,,,,,,,https://amelialawn.com/,,,,,,,,
210,Papi's Lawn Services,,,,,,,https://www.papislawnservices.com/,,,,,,,,
211,Tupper's Turf,,,,,,,https://www.tuppersturf.com/,,,,,,,,
212,It's a Beautiful Lawn,,,,,,,https://www.itsabeautifullawn.com/,,,,,,,,
213,Lawns Plus Landscaping,,,,,,,https://www.lawnspluslandscaping.net/,,,,,,,,
214,Pat's Nursery,,,,,,,https://www.patsnurseryinc.com/,,,,,,,,
215,ProGreen Landscape Solutions,,,,,,,https://www.progreen-services.com/,,,,,,,,
216,Durance Tree Service,,,,,,,https://www.treeserviceofjacksonville.com/,,,,,,,,
217,Havana Jax Landscaping,,,,,,,https://havanajaxlandscaping.com/,,,,,,,,
218,Blackoak Landscape,,,,,,,https://blackoaklandscape.com/,,,,,,,,
219,Rockaway Sustainable Landscaping,,,,,,,https://www.rockawayinc.com/,,,,,,,,
220,Beaches Lawn Care,,,,,,,https://www.beacheslawn.com/,,,,,,,,
221,Alpha Natural Stone Plus,,,,,,,https://www.alphanaturalstone-fl.com/,,,,,,,,
222,Horizon Landscaping of Jacksonville,,,,,,,https://www.horizonlandscapingjax.com/,,,,,,,,
223,Ethos Landscapes,,,,,,,https://ethoslandscapes.com/,,,,,,,,
224,Daniels Landscape & Irrigation,,,,,,,https://www.danielslandscapefl.com/,,,,,,,,
225,Cynthia Burns Landscape Design,,,,,,,https://cynthiaburnsdesign.com/,,,,,,,,
226,Hawkstone Outdoor,,,,,,,https://hawkstoneoutdoor.com/,,,,,,,,
227,Jacksonville Landscapes,,,,,,,https://www.jacksonvillelandscapes.com/,,,,,,,,
228,Southside Outdoor Services,,,,,,,https://southsideservicesllc.com/,,,,,,,,
229,Sunway Landscape Services,,,,,,,https://gosunway.com/,,,,,,,,
230,Aquarian Landscaping,,,,,,,https://www.aquarianlandscapingincfl.com/,,,,,,,,
231,Orange Park Pavers,,,,,,,https://orangeparkpavers.com/,,,,,,,,
232,Jax Pavers,,,,,,,https://jaxoutdoorspaces.com/,,,,,,,,
233,Taormina Landscaping,,,,,,,https://www.taorminalandscaping.com/,,,,,,,,
234,The Master's Lawn Care,,,,,,,https://themasterslawncare.com/,,,,,,,,
235,Veterans Landscape Management,,,,,,,https://www.veteranslm.com/,,,,,,,,
236,Aqua Premier,,,,,,,https://www.aqua904.com/,,,,,,,,
237,Ridley's Landscapes & Irrigation,,,,,,,https://www.ridleyslandscapes.com/,,,,,,,,
238,AIO Property Maintenance,,,,,,,https://aiopropertymaintenance.com/,,,,,,,,
239,Coastal Landscapes Inc,,,,,,,https://coastallandscapesinc.com/,,Skip,,,,,GMB/website,
240,Jax Sod,,,,,,,https://jaxsod.com/,,,,,,,GMB/website,
241,One Cut From Above,,,,,,,https://www.onecutjax.com/,,,,,,,,
242,Island Green Lawn Service,,,,,,,https://www.islandgreenlawnservice.com/,,,,,,,website,
243,Florida Backyard Makeovers,,,,,,,https://flbackyardmakeovers.com/,,,,,,,GMB,
244,Big Oak Landscape Design,,,,,,,https://www.bigoaklandscapes.com/,,,,,,,,
245,Jax Outdoor Kitchens,,,,,,,https://jaxoutdoorkitchens.com/,,,,,,,website-footer,
246,Creative Design Space,,,,,,,https://creativedesignspace.com/,,,,,,,website-footer,
247,Built by Father & Son,,,,,,,https://builtbyfatherandson.com/,,,,,,,,
248,Fleming Island Outdoor Solutions,,,,,,,https://www.flemingislandoutdoorsolutions.com/,,,,,,,GMB,
249,My Grass Guy,,,,,,,https://mygrassguy.net/,,,,,,,,
250,North Florida Turf Pros,,,,,,,https://northfloridaturfpros.com/,,,,,,,,
251,InspireScapes,,,,,,,https://inspirescapes.com/,,,,,,,,
252,AY Luxury Designs,,,,,,,https://www.ayluxurydesigns.com/,,,,,,,,
253,LMDI Landscaping & More,,,,,,,https://www.lmdilandscapingandmore.com/,,,,,,,,
254,Kelly Lawn & Property Maintenance,,,,,,,https://kellylpm.com/,,,,,,,,
255,Ramone's Landscape + Hardscape,,,,,,,https://www.ramoneslandscape.com/,,,,,,,,
256,The Gardener Landscaping,,,thegardenerlandscaping@yahoo.com,(813) 695-2562,,,https://thegardenerlandscaping.ca/,,,,,,,GMB/website,
257,Medscapes,,,contact@medscapes.net,(813) 382-5801,,,https://medscapes.net/,,,,,,,GMB/website,
258,Fieldstone Landscape Services,,,,(727) 822-7866,Yes,,https://fieldstonels.com/,https://www.linkedin.com/company/fieldstone-landscape-services,,,,,,website-contact,
259,Tampa Bay Landscape Services,,,southshorelandscapeandlawn@gmail.com,(813) 376-6110,,,https://tampabaylandscapeservices.com/,,,,,,,website,
260,Ziggi's Landscaping,,,ziggislawns@gmail.com,(720) 280-6358,,,https://ziggislandscaping.com/,,,,,,,GMB,
261,Chop Chop Landscaping,,,,(813) 530-2030,Yes,,https://www.landscapingtampafl.com/,,,,,,,,
262,K&M Lawn Services,,,"kmlawncareservices@gmail.com, kmlawnservices@gmail.com",(727) 488-0321,,,https://kmlawnservices.com/,,,,,,,website-footer,
263,Landscaping Tune-Ups,,,landscapingtuneupsinctampa@gmail.com,(813) 730-5818,,,https://landscapingtuneups.com/,https://www.linkedin.com/pub/thomas-uzdavinis/82/791/9bb,,,,,,website-footer,
264,Your Green Team,,,,(813) 643-7378,No,,https://yourgreenteam.com/,,,,,,,,
265,Soho Landscape,,,SOHOLANDSCAPE@msg.workiz.com,(813) 503-9020,,,https://www.soholandscape.com/,,,,,,,GMB,
266,Hardeman Landscape,,,dfutch@hardemanlandscape.com,(813) 689-5160,,,https://www.hardemanlandscape.com/,,,,,,,website-footer,
267,North Star Landscape Construction & Design,,,,,,,https://nslcd.com/,,Skip,,,,,website-footer,
268,Top Rank Solutions,,,info@trstopranksolutions.com,(813)-495-2399,,,https://trstopranksolutions.com/,,,,,,,website/GMB,
269,JF Pavers,,,marcelo@jfpavers.com,727-280-3019,,,https://www.jfpavers.com/,,,,,,,website-header,
270,Paver Company Tampa,,,,813-945-6036,Yes,,https://pavercompanytampa.com/,,,,,,,website-footer,
271,Elite Pavers of Tampa Bay,,,info@elitepavers.com,(813) 996-7290,,,https://www.elitepavers.com/,,,,,,,GMB/website,
272,C&C Brick Pavers,,,,,,,https://www.ccbrickpavers.com/,,Skip,,,,,website-footer,
273,Brick Pavers of Tampa,,,,(813) 906-1033,Yes,,https://brickpaversoftampa.com/,,,,,,,,
274,Paver Rescue,,,lucas@paverrescuellc.com,(813) 391-6159,,,https://paverrescuellc.com/,,,,,,,website,
275,Pavers Tampa Florida,,,info@paverstampaflorida.com,(813) 563-9259,,,https://paverstampaflorida.com/,,,,,,,website-contact,
276,Wholesale Pavers Tampa Bay,,,,(813) 375-9441,,,https://wholesalepaverstampabay.com/,,,,,,,website,
277,PaverCrafters,,,requests@pavercrafters.com,(727) 573-7883,,,https://www.pavercrafters.com/,,,,,,,website/BBB,
278,Maverick Masonry,,,info@maverickmasonry.com,(813) 732-7591,,,https://www.maverickmasonry.com/,,,,,,,website,
279,Legacy Outdoor,,,,(727) 543-0547,Yes,,https://legacyoutdoortampabay.com/,https://www.linkedin.com/company/legacyoutdoortampabay,,,,,,,
280,Paver Stone Inc,,,info@paverstoneinc.com,(727) 530-0891,,,https://www.paverstoneinc.com/,,,,,,,website-contact,
281,Ultimate Pavers,,,,(813) 965-5000,Yes,,https://www.myultimatepavers.com/,,,,,,,website-footer,
282,Arbor Bay Tree Service,,,office@arborbayinc.com,(813) 831-8733,,,https://arborbayinc.com/,,,,,,,GMB/website,
283,Tampa Tree Service,,,rob@treeservicestampa.net,813-445-8602,,,https://treeservicestampa.net/,,,,,,,website-footer,
284,Panorama Tree Care,,,info@panoramatreecare.com,(813) 234-9842,,,https://www.panoramatreeservice.com/,,,,,,,website-footer,
285,Tampa Bay Tree Service,,,contact@tbtreellc.com,(727) 424-8228,,,https://tampabaytreeservice.com/,,,,,,,website/GMB,
286,Miller & Sons Tree Service,,,admin@millerandsonstrees.com,(813) 771-8733,,,https://millersontreeservice.com/,,,,,,,website-header,
287,All Weather Tree,,,info@allweathertrees.com,(813) 787-8206,,,https://allweathertrees.com/,,,,,,,website-footer,
288,Gulf Coast Trees,,,Patrick@gulfcoasttree.biz,(813) 835-8733,,,https://www.gulfcoasttree.biz/,,,,,,,GMB/website,
289,Knuckleheads Tree Service,,,duane@knuckleheadstreeservice.com,(813) 428-3149,,,https://knuckleheadstreeservice.com/,,,,,,,website-footer,
290,Independent Tree Service,,,,(813) 971-6217,Yes,,https://independenttreeservice.com/,,,,,,,,
291,Pete & Ron's Tree Service,,,servicerequest@prtree.com,(813) 876-4444,,,https://www.prtree.com/,,,,,,,website-footer,
292,Arbor Wise Tree Services,,,arborwiseprofessional@gmail.com,(727) 481-8081,,,https://arborwisetreeservices.com/,,,,,,,GMB/BBB,
293,Yutzy Tree Service,,,sales@yutzytreeservice.com,(727) 323-4303,,,https://www.yutzytreeservice.com/,,,,,,,website,
294,O'Brien's Tree Service,,,edwardtree33705@gmail.com,(727) 520-2582,,,https://www.obrienstreeservicefl.com/,,,,,,,GMB/website,
295,Trimworks Tree Service,,,info@trimworkspro.com,(727) 289-1633,,,https://trimworkstreeservice.com/,,,,,,,website,
296,Jerry Riggers Crane and Tree,,,,(727) 254-8161,Yes,,https://www.jerryriggerscraneandtree.com/,,,,,,,,
297,Pinellas Tree Service,,,,"(727) 399-5858, 813-518-8787",Yes,,https://pinellastree.com/,,,,,,,website,
298,R&B Tree Service,,,RandBTreeService@gmail.com,(727) 239-6865,,,https://www.rnbtree.com/,,,,,,,website-footer,
299,B&T's Tree Service,,,info@pinellasarborist.com,(727) 244-6070,,,https://pinellasarborist.com/,,,,,,,website/directory,
300,Lee Claxton Certified Arborist,,,anaffordablearborist@gmail.com,(727) 220-0226,,,https://www.leeclaxtoncertifiedarborist.com/,,,,,,,website-footer,
301,Marcos Irrigation Repair,,,mirrigationrepair21@gmail.com,(813) 580-6845,,,https://marcosirrigationrepair.com/,,,,,,,GMB,
302,Sunrise Irrigation,,,info@sunrise-irrigation.com,727-275-2204,,,https://sunriseirrigation.com/,https://www.linkedin.com/company/sunriseirrigation,,,,,,website-footer,
303,American Irrigation Services (Lawn Sprinklers Tampa),,,,813-478-2438,,,https://lawnsprinklerstampa.com/,,Skip,,,,,website-contact,
304,Elite Land Service,,,Info@elitelandservice.com,(813) 412-3620,,,https://elitelandservice.com/,,,,,,,website,
305,ATZ Irrigation,,,atz5232@aol.com,(727) 937-7177,,,https://www.atzirrigation.com/,,,,,,,directorio,
306,"Andy's Sprinkler, Drainage & Lighting",,,,656-205-3364,No,,https://sprinklerdrainage.com/,,,,,,,website-footer,
307,Tampa Bay Sod,,,,813-936-5081,Yes,,https://www.tampabaysod.com/,,,,,,,,
308,Rodriguez Sod Ranch,,,rodriguezsodranch@yahoo.com,813-886-2163,,,https://www.rodriguezsod.com/,,,,,,,GMB/website,
309,USA Sod,,,,1-855-487-2763,Yes,,https://usasod.com/,,,,,,,,
310,All-in-Sod,,,all-in-sod@outlook.com,(813) 212-4021,,,https://www.all-in-sod.com/,,,,,,,website,
311,General Sod Tampa,,,generalsodtampa@yahoo.com,(813) 484-0726,,,https://www.generalsodtampa.com/,,,,,,,website,
312,Artificial Turf Tampa,,,,(813) 556-6312,No,,https://artificialturftampa.com/,,,,,,,,
313,SYNLawn Tampa,,,,(813) 257-7273,Yes,,https://synlawntampa.com/,,,,,,,website/BBB,
314,Blanco's Turf & Landscaping,,,yourfriends@blancosturf.com,(813) 536-7670,,,https://blancosturf.com/,,,,,,,website,
315,Buccaneer Turf,,,buccaneerturf@gmail.com,(813) 670-5151,,,https://buccaneerturftampa.com/,,,,,,,website,
316,Magnolia Turf,,,,656-218-5119,Yes,,https://magnoliaturf.com/,,,,,,,,
317,Tampa Turf & Pavers,,,hello@tampaturfandpavers.com,(813) 906-5095,,,https://tampaturfandpavers.com/,,,,,,,,
318,Tampa Turf & Artificial Grass,,,info@tampaturfandartificialgrass.com,(813) 544-5673,,,https://tampaturfandartificialgrass.com/,,,,,,,website-footer,
319,St. Pete Complete Landscape Services,,,Sean@stpetecomplete.com,(727) 564-7796,,,https://stpetecomplete.com/,,,,,,,website,
320,CDS Landscaping,,,bullgrad81@gmail.com,(727) 452-9835,,,https://cdslandscapinginc.com/,,,,,,,website-contact,
321,OCD Landscape & Lawns,,,,(727) 488-8577,,,https://ocdlandscapeandlawns.com/,,Skip,,,,,website/GMB,
322,Landcrafters,,,,(727) 761-4210,Yes,,https://www.landcraftersfl.com/,https://www.linkedin.com/company/landcrafters-florida,,,,,,website-contact,
323,Pinellas Premium,,,Info@PinellasPremium.com,727-459-8472,,,https://www.pinellaspremium.com/,,,,,,,website-footer,
324,Suttrich Landscape Services,,,,(727) 564-6498,Yes,,https://suttrichlandscaping.com/,,,,,,,website,
325,From The Ground Up,,,,(727) 607-0087,Yes,,https://fromthegrounduptampabay.com/,,,,,,,website-footer,
326,Clearwater Lawn Care Pros,,,,(727) 396-9401,Yes,,https://www.clearwaterlawncarepros.com/,,,,,,,,
327,Lawn Care Clearwater,,,,727-472-4200,Yes,,https://www.lawncareclearwater.com/,,,,,,,website/BBB,
328,All Pro Landscaping,,,Landscapingallpro@gmail.com,(727) 251-9028,,,https://www.allprolandscapingservice.com/,,,,,,,website-contact,
329,Brandon Landscaping Pros,,,,813-680-2526,Yes,,https://brandonlandscapingpros.com/,,,,,,,,
330,Graham Landscape,,,service@grahamlandscape.com,(813) 621-8900,,,https://www.grahamlandscape.com/,,,,,,,website/BBB,
331,The Whole 9 Yards,,,info@thewhole9yardslawn.com,(813) 684-1807,,,https://thewhole9yardslawn.com/,,,,,,,website,
332,B&F Lawn & Landscaping,,,info@bflawnlandscaping.com,813-485-4530,,,https://www.bflawnlandscaping.com/,,,,,,,website,
333,Mac The Gardener,,,,813-695-1703,Yes,,https://www.macthegardener.com/,,,,,,,,
334,Precision Fence and Landscaping,,,,(813) 570-3412,,,https://www.precisionfenceandlandscaping.com/,,Skip,,,,,GMB,
335,Royalty Lawns Wesley Chapel,,,info@royaltylawns.com,(813) 469-9013,,,https://www.royaltylawnswesleychapel.com/,,,,,,,website/GMB,
336,A+ Lawns,,,apluslawncare.billing@gmail.com,(813) 431-6366,,,https://apluslawnsfl.com/,,,,,,,website,
337,Mowasis,,,info@mowasis.com,(813) 669-7719,,,https://www.mowasis.com/,,,,,,,website/GMB,
338,The Garden Gnome,,,chip@thegardengnome.net,(813) 789-9616,,,https://thegardengnomelandscaping.com/,,,,,,,website/GMB,
339,Netherly's Landscape & Design,,,john@netherlyslandscapeanddesign.com,(813) 479-3021,,,https://netherlyslandscapeanddesign.com/,,,,,,,website-contact,
340,Shane's Lawn Care,,,shanelawncare@gmail.com,(727) 409-0045,,,https://www.shaneslawncare.com/,,,,,,,website/GMB,
341,Lawns & Palms,,,info@lawnsandpalmsfl.com,(727) 479-2711,,,https://www.lawnsandpalmsfl.com/,,,,,,,website,
342,Cooper's Lawn & Landscaping,,,cooperslawnandlandscaping@gmail.com,(813) 305-0038,,,https://www.cooperslawnandlandscaping.com/,,,,,,,website-footer,
343,Chip's Lawn Care,,,,(813) 731-2356,Yes,,https://chipslawncare.com/,,,,,,,,
344,PALS,,,admin@pals.us.com,813-796-7257,,,https://www.pals.us.com/,,,,,,,website/BBB,
345,Infante Services,,,,(813) 926-2271,,,https://infanteservices.com/,,,,,,,,
346,Keepers of the Green,,,,813-884-4255,,,https://mykeepersofthegreen.com/,,,,,,,,
347,Grow Landscaping,,,,863-940-7905,,,https://growlandscaping.us/,,,,,,,website/GMB,
348,Green With Envy Lawn and Shrubs,,,greenwithenvy1@verizon.net,(727) 772-4177,,,https://www.greenwithenvylawnandshrubs.com/,,,,,,,website-contact,
349,Trinity Lawns,,,office@trinitylawns.com,727-375-8383,,,https://trinitylawns.com/,,,,,,,website-contact,
350,Tony's Lawn and Landscaping,,,,813-644-2333,,,https://www.tonyslawnandlandscape.com/,,,,,,,GMB,
351,Keep it Green Nursery,,,keepitgreennursery@aol.com,(813) 741-3974,,,https://keepitgreennursery.com/,,,,,,,GMB,
352,Sun City Landscaping Service,,,,813-535-1384,,,https://suncitylandscapingservice.com/,,,,,,,website/GMB,
353,Kompanion Lawn Care,,,info@kompanionlawncare.com,(813) 591-4077,,,https://kompanionlawncare.com/,,,,,,,website/GMB,
354,RedTree Landscape Systems,,,service@redtreelandscape.systems,1-888-733-8733,,,https://www.redtreelandscapesystems.com/,,,,,,,website-footer,
355,Baker Commercial Landscaping,,,info@bakerlandscaping.com,(407) 339-8821,,,https://bakerlandscaping.com/,,,,,,,website,
356,Sunrise Landscape,,,CFenech@sunriselandscape.com,813-459-7220,,,https://sunriselandscape.com/,https://www.linkedin.com/company/sunrise-landscape-inc,,,,,,website,
357,Green Dragon Landscaping,,,,(813) 494-3271,,,https://www.commerciallandscapingtampa.com/,,,,,,,website/GMB,
358,Tampa Lights,,,mail@tampalights.com,813-767-9189,,,https://tampalights.com/,,,,,,,website-footer,
359,Premier Outdoor Living & Design,,,itspremieroutdoorliving@gmail.com,(727) 812-1762,,,https://www.premieroutdoorlivinganddesign.com/,,,,,,,website/BBB,
360,Mighty Lights,,,,(813) 544-4424,Yes,,https://www.mighty-lights.com/,,,,,,,website-contact,
361,Terranova Outdoor Living,,,info@terranovaoutdoorliving.com,(727) 425-6111,,,https://terranovaoutdoorliving.com/,,,,,,,website-footer,
362,C&L Landscape Lighting,,,,(727) 490-9683,,,https://cllandscapelighting.com/,,Skip,,,,,website-contact,
363,Central Land Care,,,Parker@centrallandcare.com,(813) 765-5296,,,https://centrallandcare.com/,,,,,,,,
364,TB Lights,,,Jeremy@TBLights.com,727-244-7815,,,https://www.tblights.com/,,,,,,,website/GMB,
365,Dale Landscaping,,,dalecompletelandscaping@gmail.com,813-479-8284,,,https://dalelandscaping.com/,,,,,,,website/GMB,
366,Eric's Pressure Washing & Lawn Care,,,ericspressure@gmail.com,813-997-1497,,,https://ericspressurewashingandlawncare.com/,,,,,,,GMB,
367,Dale Complete Landscaping,,,dalecompletelandscaping@gmail.com,813-479-8284,,,https://dalecompletelandscaping.com/,,,,,,,website/GMB,
368,Buddy's Lawn Pros,,,Buddy@BuddysLawnPros.com,813-696-6741,,,https://buddyslawnpros.com/,,,,,,,website/GMB,
369,All Year Lawn Services,,,info@allyearlawnservices.com,813-482-5887,,,https://www.allyearlawnservices.com/,,,,,,,website-footer,
370,Pro Landscape Services,,,Prolandscapeservices@outlook.com,(813) 217-2425,,,https://www.prolandscapeservicesllc.com/,,,,,,,website,
371,Tru Turf Pros,,,sales@truturfpros.com,(813) 616-1655,,,https://www.truturfpros.com/,,,,,,,website-footer,
372,Advance Drainage & Turf Solutions,,,,(727) 287-5733,No,,https://advancedrainage-turfsolutions.com/,,,,,,,,
373,Insignia Landscape,,,Steve@insignialandscape.com,(813) 714-9862,,,https://insignialandscape.com/,,,,,,,website/GMB,
374,Assuregreen Property Services,,,assuregreenlawn@gmail.com,727-797-4040,,,https://www.assuregreenlawn.com/,,,,,,,,
375,Pinellas Pavers,,,,(727) 610-2229,,,https://pinellaspaversfl.com/,,Skip,,,,,,
376,Duffey Tree Care,,,duffeytreecare@gmail.com,(813) 381-4329,,,https://duffeytreecare.com/,https://www.linkedin.com/company/duffeytreecare,,,,,,website-contact,
377,Tree Service Brandon FL,,,,(813) 324-6112,Yes,,https://www.treeservicebrandonfl.com/,,,,,,,,
378,Gulf Coast Tree Care,,,info@gulfcoasttreecare.com,(813) 681-8016,,,https://www.gulfcoasttreecare.com/,,,,,,,website-contact,
379,Riverview Tree Service,,,,,,,https://www.treeserviceriverviewfl.com/,,Skip,,,,,,
380,Outdoor Living Style,,,,,,,https://www.outdoorlivingstyle.com/,,Skip,,,,,,
381,AGES Tree Service,,,,,,,https://www.agestreeservice.com/,,,,,,,,
382,Eagerton Tree Service,,,,,,,https://eagertontree.com/,,,,,,,,
383,Southern Tree Experts,,,,,,,https://www.southerntreeexpertsfl.com/,,,,,,,,
384,Top Notch Tree Experts,,,,,,,https://topnotchtreeexpertsllc.com/,,,,,,,,
385,Treeco,,,,,,,https://treecofl.com/,,,,,,,,
386,American Tree Surgeons,,,,,,,https://americantreesurgeons.com/,,,,,,,,
387,Black Creek Tree Co,,,,,,,https://blackcreektreeco.com/,,,,,,,,
388,St. Augustine Pavers and More,,,,,,,https://stapavers.com/,,,,,,,,
389,Outdoor Transformations,,,,,,,https://www.youroutdoortransformation.com/,,,,,,,,
390,St. Johns Pavers,,,,,,,https://www.stjohnspavers.com/,,,,,,,,
391,Florida Coastal Contractors,,,,,,,https://www.dreambackyardbuilders.com/,,,,,,,,
392,San Marco Mowing,,,,,,,https://sanmarcomowing.com/,,,,,,,,
393,Master Grounds Keeper,,,,,,,https://www.mastergroundskeeper.com/,,,,,,,,
394,Cornerstone Irrigation,,,,,,,https://www.cornerstoneirrigation.com/,,,,,,,,
395,AMIC Property Services,,,,,,,https://www.myamic.com/,,,,,,,,
396,Mitchell's Tree Service,,,,,,,https://mitchellstreeservices.com/,,,,,,,,
397,North Florida Tree Service,,,,,,,https://northfloridatreeservice.com/,,,,,,,,
398,River Stonework,,,,,,,https://riverstonework.com/,,,,,,,,
399,Coastal Outdoor Construction,,,,,,,https://coastalfljax.com/,,,,,,,,
400,Live Aloha Landscapes and Design,,,,,,,https://livealohanow.com/,,,,,,,,
401,New Surface Exteriors,,,,,,,https://newsurfaceexteriors.com/,,,,,,,,
402,PaverGuard,,,,,,,https://callpaverguard.com/,,,,,,,,
403,Grassy Gator Outdoor,,,,,,,https://grassygatoroutdoor.com/,,,,,,,,
404,Southern Stream Landscaping,,,,,,,https://southernstreamlandscaping.net/,,,,,,,,
405,Yosemite Irrigation and Landscaping,,,,,,,https://yosemiteinl.com/,,,,,,,,
406,Dreamscapes Florida,,,,,,,https://dreamscapesflorida.com/,,,,,,,,
407,Clean Cuts of Saint Augustine,,,,,,,https://cleancuts.net/,,,,,,,,
408,Antones Lawn Maintenance,,,,,,,https://antoneslawnmaintenance.com/,,,,,,,,
409,Aaron's Lawn Care,,,,,,,https://lawncare904.com/,,,,,,,,
410,McM Landscapes,,,,,,,https://mcmlandscapes.com/,,,,,,,,
411,Florida Lawn and Order,,,,,,,https://floridalawnandorder.com/,,,,,,,,
412,All of the Above Landscaping,,,,,,,https://alloftheabovelandscapingllc.com/,,,,,,,,
413,Bandit Property Maintenance,,,,,,,https://banditpropertymaintenance.com/,,,,,,,,
414,Hunter Sprinkler Repair,,,,,,,https://huntersprinklerrepair.com/,,,,,,,,
415,Tree Medic Tree Surgeons,,,,,,,https://treeservicestaugustine.com/,,,,,,,,
416,Tree Guys of St. Augustine,,,,,,,https://treeguysstaug.com/,,,,,,,,
417,Ancient City Arbor,,,,,,,https://ancientcityarbortreeservice.com/,,,,,,,,
418,Tree Squad,,,,,,,https://tree-squad.com/,,,,,,,,
419,W.C.H. Debris Removal and Tree Service,,,,,,,https://staugustinetreetrimming.com/,,,,,,,,
420,Jeff Mobley Tree Service,,,,,,,https://treetrimmingstaugustine.com/,,,,,,,,
421,Rebel Landscaping,,,,,,,https://rebellandscaping.net/,,,,,,,,
422,Ocean View Landscape Management,,,,,,,https://oceanviewlandscapemgmt.com/,,,,,,,,
423,Johnny's Lawn Care,,,,,,,https://johnnysturf.com/,,,,,,,,
424,The Lawn Ranger,,,,,,,https://lawnrangerofsaintaugustine.com/,,,,,,,,
425,Lawn Salon,,,,,,,https://lawnsalonsa.com/,,,,,,,,
426,SBC Trees,,,,,,,https://sbctrees.com/,,,,,,,,
427,Gage Tree Care,,,,,,,https://gagetreecare.com/,,,,,,,,
428,Richard Hodge Tree Care,,,,,,,https://richardhodgetreecare.com/,,,,,,,,
429,Amelia Island Tree Maintenance,,,,,,,https://ameliaislandtreemaintenance.com/,,,,,,,,
430,Tallyrand Lawn Care,,,,,,,https://tallyrandlawn.com/,,,,,,,,
431,Mow Management,,,,,,,https://mowmanagementjax.com/,,,,,,,,
432,Done Right Since 1985,,,,,,,https://donerightsince1985.com/,,,,,,,,
433,Southwest Greens of Jacksonville,,,,,,,https://southwestgreensofjacksonville.com/,,,,,,,,
434,Cascade Outdoor Design,,,,,,,https://cascadeoutdoordesign.com/,,,,,,,,
435,Outdoorscapes,,,,,,,https://myoutdoorscapes.com/,,,,,,,,
436,Lux Outdoors,,,,,,,https://luxoutdoor.net/,,,,,,,,
437,Hams Irrigation Service,,,,,,,https://hamsirrigation.com/,,,,,,,,
438,Southeast Irrigation Repair,,,,,,,https://southeastirrigationrepair.com/,,,,,,,,
439,Southern Horticulture,,,,,,,https://southernhorticultureflorida.com/,,,,,,,,
440,The Land Man,,,,,,,https://thelandmanlawns.com/,,,,,,,,
441,North Florida Lawn Maintenance,,,,,,,https://nflawninc.com/,,,,,,,,
442,Skinnie Vinnie Irrigation Repair,,,,,,,https://skinnievinnieirrigation.com/,,,,,,,,
443,Ace's Irrigation,,,,,,,https://acesirrigation.com/,,,,,,,,
444,C&C Lawn Sprinkler Repair,,,,,,,https://cclawnsprinklerrepair.com/,,,,,,,,
445,B&H Land Services,,,,,,,https://bhlandservicesllc.com/,,,,,,,,
446,Duce Tree Service,,,,,,,https://ducetreeservice.com/,,,,,,,,
447,Amelia Island Landscaping,,,,,,,https://ameliaislandlandscaping.com/,,,,,,,,
448,Amelia Island Landscaping Pros,,,,,,,https://ameliaislandyards.com/,,,,,,,,
449,Jax Lawn,,,,,,,https://jaxlawn.com/,,,,,,,,
450,My Florida Tree Guys,,,,,,,https://mftreeguys.com/,,,,,,,,
451,Big Fish & Little Fish Tree & Lawn Service,,,,,,,https://bigfishandlittlefishtreeandlawnservice.com/,,,,,,,,
452,Triple Play Lawn & Landscaping,,,,,,,https://tripleplaylawncare.com/,,,,,,,,
453,Smart Pavers,,,,,,,https://smartpaversllc.com/,,,,,,,,
454,Clearview Landscaping,,,,,,,https://clearvlandscaping.com/,,,,,,,,
455,Snip's Tree Service,,,,,,,https://snipstree.com/,,,,,,,,
456,Durham Parkers Tree Service,,,,,,,https://dptrees.com/,,,,,,,,
457,Tree Work By Mitch Drake & Sons,,,,,,,https://treeworkbymitchdrakeandsons.com/,,,,,,,,
458,Quill's Tree Services,,,,,,,https://quillstreeservices.com/,,,,,,,,
459,Pallai Services,,,,,,,https://pallaiservices.com/,,,,,,,,
460,Coastal Tree Service,,,,,,,https://coastaltree.com/,,,,,,,,
461,Tree Masters,,,,,,,https://treemastersflorida.com/,,,,,,,,
462,Affordable Tree & Landscape,,,,,,,https://affordabletreelandscape.com/,,,,,,,,
463,Stump Masters Jax,,,,,,,https://stumpmastersjax.com/,,,,,,,,
464,"First Coast Tree, Stump and Land Clearing",,,,,,,https://firstcoasttree.com/,,,,,,,,
465,Axmen Stump Grinding,,,,,,,https://axmenstumpgrinding.com/,,,,,,,,
466,Stumphead Stump Grinding,,,,,,,https://stumpheadstumpgrinding.com/,,,,,,,,
467,Crosswater Turf and Irrigation,,,,,,,https://crosswaterturf.com/,,,,,,,,
468,Tree Tech Tree Service,,,,,,,https://treetech-treeservice.com/,,,,,,,,
469,Drinkwater's Family Tree Service,,,,,,,https://drinkwatersfamilytreeservice.com/,,,,,,,,
470,Clint's Land Services,,,,,,,https://clintslandservices.com/,,,,,,,,
471,Jacksonville Stump Grinding,,,,,,,https://jacksonvillestumpgrinding.com/,,,,,,,,
472,Stump Grinding 4 Less,,,,,,,https://stumpgrinding4lessjax.com/,,,,,,,,
473,Cornerstone Stump Grinding,,,,,,,https://cornerstonestumpgrinding.com/,,,,,,,,
474,Church's Outdoor Services,,,,,,,https://churchsoutdoorservices.com/,,,,,,,,
475,Orange Park Tree Surgeons,,,,,,,https://orangeparktreesurgeons.com/,,,,,,,,
476,Florida's Stump Masters,,,,,,,https://floridasstumpmasters.com/,,,,,,,,
477,Outdoor Consultants,,,,,,,https://outdoorconsultantsfl.com/,,,,,,,,
478,Swamp Gator ULM,,,,,,,https://swampgatorulm.com/,,,,,,,,
479,Dirt Pros,,,,,,,https://thedirtpros.com/,,,,,,,,
480,Grumps Property Services,,,,,,,https://grumpspropertyservices.com/,,,,,,,,
481,Stump Works Outdoor Services,,,,,,,https://turfrider.com/,,,,,,,,
482,Jax Stump Removal,,,,,,,https://jaxstumpremoval.com/,,,,,,,,
483,Big Ben's Tree Service,,,,,,,https://bigbenstree.com/,,,,,,,,
484,904Tree.com,,,,,,,https://904tree.com/,,,,,,,,
485,Grandpa & Sons,,,,,,,https://grandpaandsons.com/,,,,,,,,
486,North Florida Earthworx,,,,,,,https://northfloridaearthworx.com/,,,,,,,,
487,Southeast Forest and Land Management,,,,,,,https://southeastforestandland.com/,,,,,,,,
488,AGON Land Clearing and Forestry Mulching,,,,,,,https://agondr.com/,,,,,,,,
489,Black Creek Land Clearing,,,,,,,https://blackcreeklandclearing.com/,,,,,,,,
490,Tree Pros Of Florida,,,,,,,https://treeprosfl.com/,,,,,,,,
491,Jacksonville Land Clearing,,,,,,,https://jacksonvillelandclearing.com/,,,,,,,,
492,Absolute Land & Pond,,,,,,,https://absolutecontractingjax.com/,,,,,,,,
493,DLC Land Clearing,,,,,,,https://dlclandclearing.com/,,,,,,,,
494,Tree-Be-Gone,,,,,,,https://tree-be-gone.com/,,,,,,,,
495,,,,,,,,,,,,,,,,
496,,,,,,,,,,,,,,,,
497,,,,,,,,,,,,,,,,
498,,,,,,,,,,,,,,,,
499,,,,,,,,,,,,,,,,
500,,,,,,,,,,,,,,,,
501,,,,,,,,,,,,,,,,
502,,,,,,,,,,,,,,,,
503,,,,,,,,,,,,,,,,
504,,,,,,,,,,,,,,,,
505,,,,,,,,,,,,,,,,
506,,,,,,,,,,,,,,,,
507,,,,,,,,,,,,,,,,
508,,,,,,,,,,,,,,,,
509,,,,,,,,,,,,,,,,
510,,,,,,,,,,,,,,,,
511,,,,,,,,,,,,,,,,
512,,,,,,,,,,,,,,,,
513,,,,,,,,,,,,,,,,
514,,,,,,,,,,,,,,,,
515,,,,,,,,,,,,,,,,
516,,,,,,,,,,,,,,,,
517,,,,,,,,,,,,,,,,
518,,,,,,,,,,,,,,,,
519,,,,,,,,,,,,,,,,
520,,,,,,,,,,,,,,,,
521,,,,,,,,,,,,,,,,
522,,,,,,,,,,,,,,,,
523,,,,,,,,,,,,,,,,
524,,,,,,,,,,,,,,,,
525,,,,,,,,,,,,,,,,
526,,,,,,,,,,,,,,,,
527,,,,,,,,,,,,,,,,
528,,,,,,,,,,,,,,,,
529,,,,,,,,,,,,,,,,
530,,,,,,,,,,,,,,,,
531,,,,,,,,,,,,,,,,
532,,,,,,,,,,,,,,,,
533,,,,,,,,,,,,,,,,
534,,,,,,,,,,,,,,,,
535,,,,,,,,,,,,,,,,
536,,,,,,,,,,,,,,,,
537,,,,,,,,,,,,,,,,
538,,,,,,,,,,,,,,,,
539,,,,,,,,,,,,,,,,
540,,,,,,,,,,,,,,,,
541,,,,,,,,,,,,,,,,
542,,,,,,,,,,,,,,,,
543,,,,,,,,,,,,,,,,
544,,,,,,,,,,,,,,,,
545,,,,,,,,,,,,,,,,
546,,,,,,,,,,,,,,,,
547,,,,,,,,,,,,,,,,
548,,,,,,,,,,,,,,,,
549,,,,,,,,,,,,,,,,
550,,,,,,,,,,,,,,,,
551,,,,,,,,,,,,,,,,
552,,,,,,,,,,,,,,,,
553,,,,,,,,,,,,,,,,
554,,,,,,,,,,,,,,,,
555,,,,,,,,,,,,,,,,
556,,,,,,,,,,,,,,,,
557,,,,,,,,,,,,,,,,
558,,,,,,,,,,,,,,,,
559,,,,,,,,,,,,,,,,
560,,,,,,,,,,,,,,,,
561,,,,,,,,,,,,,,,,
562,,,,,,,,,,,,,,,,
563,,,,,,,,,,,,,,,,
564,,,,,,,,,,,,,,,,
565,,,,,,,,,,,,,,,,
566,,,,,,,,,,,,,,,,
567,,,,,,,,,,,,,,,,
568,,,,,,,,,,,,,,,,
569,,,,,,,,,,,,,,,,
570,,,,,,,,,,,,,,,,
571,,,,,,,,,,,,,,,,
572,,,,,,,,,,,,,,,,
573,,,,,,,,,,,,,,,,
574,,,,,,,,,,,,,,,,
575,,,,,,,,,,,,,,,,
576,,,,,,,,,,,,,,,,
577,,,,,,,,,,,,,,,,
578,,,,,,,,,,,,,,,,
579,,,,,,,,,,,,,,,,
580,,,,,,,,,,,,,,,,
581,,,,,,,,,,,,,,,,
582,,,,,,,,,,,,,,,,
583,,,,,,,,,,,,,,,,
584,,,,,,,,,,,,,,,,
585,,,,,,,,,,,,,,,,
586,,,,,,,,,,,,,,,,
587,,,,,,,,,,,,,,,,
588,,,,,,,,,,,,,,,,
589,,,,,,,,,,,,,,,,
590,,,,,,,,,,,,,,,,
591,,,,,,,,,,,,,,,,
592,,,,,,,,,,,,,,,,
593,,,,,,,,,,,,,,,,
594,,,,,,,,,,,,,,,,
595,,,,,,,,,,,,,,,,
596,,,,,,,,,,,,,,,,
597,,,,,,,,,,,,,,,,
598,,,,,,,,,,,,,,,,
599,,,,,,,,,,,,,,,,
600,,,,,,,,,,,,,,,,
601,,,,,,,,,,,,,,,,
602,,,,,,,,,,,,,,,,
603,,,,,,,,,,,,,,,,
604,,,,,,,,,,,,,,,,
605,,,,,,,,,,,,,,,,
606,,,,,,,,,,,,,,,,
607,,,,,,,,,,,,,,,,
608,,,,,,,,,,,,,,,,
609,,,,,,,,,,,,,,,,
610,,,,,,,,,,,,,,,,
611,,,,,,,,,,,,,,,,
612,,,,,,,,,,,,,,,,
613,,,,,,,,,,,,,,,,
614,,,,,,,,,,,,,,,,
615,,,,,,,,,,,,,,,,
616,,,,,,,,,,,,,,,,
617,,,,,,,,,,,,,,,,
618,,,,,,,,,,,,,,,,
619,,,,,,,,,,,,,,,,
620,,,,,,,,,,,,,,,,
621,,,,,,,,,,,,,,,,
622,,,,,,,,,,,,,,,,
623,,,,,,,,,,,,,,,,
624,,,,,,,,,,,,,,,,
625,,,,,,,,,,,,,,,,
626,,,,,,,,,,,,,,,,
627,,,,,,,,,,,,,,,,
628,,,,,,,,,,,,,,,,
629,,,,,,,,,,,,,,,,
630,,,,,,,,,,,,,,,,
631,,,,,,,,,,,,,,,,
632,,,,,,,,,,,,,,,,
633,,,,,,,,,,,,,,,,
634,,,,,,,,,,,,,,,,
635,,,,,,,,,,,,,,,,
636,,,,,,,,,,,,,,,,
637,,,,,,,,,,,,,,,,
638,,,,,,,,,,,,,,,,
639,,,,,,,,,,,,,,,,
640,,,,,,,,,,,,,,,,
641,,,,,,,,,,,,,,,,
642,,,,,,,,,,,,,,,,
643,,,,,,,,,,,,,,,,
644,,,,,,,,,,,,,,,,
645,,,,,,,,,,,,,,,,
646,,,,,,,,,,,,,,,,
647,,,,,,,,,,,,,,,,
648,,,,,,,,,,,,,,,,
649,,,,,,,,,,,,,,,,
650,,,,,,,,,,,,,,,,
651,,,,,,,,,,,,,,,,
652,,,,,,,,,,,,,,,,
653,,,,,,,,,,,,,,,,
654,,,,,,,,,,,,,,,,
655,,,,,,,,,,,,,,,,
656,,,,,,,,,,,,,,,,
657,,,,,,,,,,,,,,,,
658,,,,,,,,,,,,,,,,
659,,,,,,,,,,,,,,,,
660,,,,,,,,,,,,,,,,
661,,,,,,,,,,,,,,,,
662,,,,,,,,,,,,,,,,
663,,,,,,,,,,,,,,,,
664,,,,,,,,,,,,,,,,
665,,,,,,,,,,,,,,,,
666,,,,,,,,,,,,,,,,
667,,,,,,,,,,,,,,,,
668,,,,,,,,,,,,,,,,
669,,,,,,,,,,,,,,,,
670,,,,,,,,,,,,,,,,
671,,,,,,,,,,,,,,,,
672,,,,,,,,,,,,,,,,
673,,,,,,,,,,,,,,,,
674,,,,,,,,,,,,,,,,
675,,,,,,,,,,,,,,,,
676,,,,,,,,,,,,,,,,
677,,,,,,,,,,,,,,,,
678,,,,,,,,,,,,,,,,
679,,,,,,,,,,,,,,,,
680,,,,,,,,,,,,,,,,
681,,,,,,,,,,,,,,,,
682,,,,,,,,,,,,,,,,
683,,,,,,,,,,,,,,,,
684,,,,,,,,,,,,,,,,
685,,,,,,,,,,,,,,,,
686,,,,,,,,,,,,,,,,
687,,,,,,,,,,,,,,,,
688,,,,,,,,,,,,,,,,
689,,,,,,,,,,,,,,,,
690,,,,,,,,,,,,,,,,
691,,,,,,,,,,,,,,,,
692,,,,,,,,,,,,,,,,
693,,,,,,,,,,,,,,,,
694,,,,,,,,,,,,,,,,
